<!--
 ~ Copyright 2019 The ROBEL Authors.
 ~
 ~ Licensed under the Apache License, Version 2.0 (the "License");
 ~ you may not use this file except in compliance with the License.
 ~ You may obtain a copy of the License at
 ~
 ~     http://www.apache.org/licenses/LICENSE-2.0
 ~
 ~ Unless required by applicable law or agreed to in writing, software
 ~ distributed under the License is distributed on an "AS IS" BASIS,
 ~ WITHOUT WARRANTIES OR CONDITIONS OF ANY KIND, either express or implied.
 ~ See the License for the specific language governing permissions and
 ~ limitations under the License.
 -->


<mujocoinclude>
    <!-- 에셋 include로 해도 안 먹힘 -->
    <compiler angle="radian" inertiafromgeom="auto" inertiagrouprange="3 5" />
    <option timestep="0.0025" iterations="50" tolerance="1e-10" solver="Newton" jacobian="dense"
        cone="elliptic" />
    <asset>
        <mesh name="xh28" file="./meshes/xh_base_high_poly.stl" scale=".01 .01 .01" />
        <mesh name="acrylic_circle" file="./meshes/acrylic_circle.stl" scale="1 1 1" />
        <mesh name="plastic_finger" file="./meshes/xh_finger_tip.stl" scale=".01 .01 .01" />
        <mesh name="metal_clamping" file="./meshes/xh_clamping_high_poly.stl" scale=".01 .01 .01" />
        <mesh name="metal_clamping_small" file="./meshes/xh_clamping_small_high_poly.stl"
            scale=".01 .01 .01" />
        <mesh name="plastic_top" file="./meshes/xh_white_top_high_poly.stl" scale=".01 .01 .01" />
        <mesh name="xh28_hull" file="./meshes/xh_base_hull.stl" scale=".01 .01 .01" />
        <mesh name="xh28_hull_top" file="./meshes/xh_base_hull_top.stl" scale=".01 .01 .01" />

        <material name="metal_black" specular="1" shininess="1" rgba="0.2 0.2 0.2 1.0" />
        <material name="metal_grey" specular="1" shininess="1" rgba="0.5 0.5 0.5 1.0" />
        <material name="plastic" specular="0.3" shininess="0" rgba="1 1 1 1" />
        <material name="acrylic" specular="0.3" shininess="0" rgba="1 1 1 .2" />
        <material name="greenish" specular="0.0" shininess="0" rgba="0.3 1 0.3 1" />
    </asset>
    <default>
        <default class="dclaw3xh">
            <joint limited="true" damping=".1" armature="0.001" />
            <geom contype="0" conaffinity="0" condim="4" group="1" margin="0.0005"
                material="metal_black" type="mesh" />
            <motor ctrlrange="-1.57 1.57" ctrllimited="true" />
            <site group="1" />

            <default class="overlay">
                <geom contype="0" conaffinity="0" group="3" type="mesh" material="greenish" />
                <joint damping="100" frictionloss="100" armature="0" />
                <site group="3" />
            </default>
            <default class="phy_metal">
                <geom contype="1" conaffinity="1" group="4" type="mesh" rgba="0.0 0.0 1.0 .3" />
                <site group="4" />
            </default>
            <default class="phy_plastic">
                <geom contype="1" conaffinity="1" group="4" type="mesh" rgba="0.0 0.0 1.0 .3"
                    friction=".2 0.005 0.0001" />
                <site group="4" />
            </default>
        </default>
    </default>
    <actuator>
        <position name="FFJ10" kp="2" joint="FFJ10" class="dclaw3xh" ctrlrange="-.48 .48" />
        <position name="FFJ11" kp="2" joint="FFJ11" class="dclaw3xh" />
        <position name="FFJ12" kp="2" joint="FFJ12" class="dclaw3xh" />
        <position name="MFJ20" kp="2" joint="MFJ20" class="dclaw3xh" ctrlrange="-.48 .48" />
        <position name="MFJ21" kp="2" joint="MFJ21" class="dclaw3xh" />
        <position name="MFJ22" kp="2" joint="MFJ22" class="dclaw3xh" />
        <position name="THJ30" kp="2" joint="THJ30" class="dclaw3xh" ctrlrange="-.48 .48" />
        <position name="THJ31" kp="2" joint="THJ31" class="dclaw3xh" />
        <position name="THJ32" kp="2" joint="THJ32" class="dclaw3xh" />
    </actuator>

    <worldbody>
        <body name="dClaw" euler="3.14 0 0" childclass="dclaw3xh">
            <geom material="acrylic" pos="0 0 -1" mesh="acrylic_circle" />

            <geom class="phy_metal" type="cylinder" size="0.75 0.04" mass="1.1" />
            <site name="S_grasp" pos="0 0 2.4" type="sphere" size="0.1" group="4" />

            <!-- INDEX/FIRST FINGER -->
            <body name="FFbase" pos=".3 -0.52 .03" euler="0 0 .52">
                <geom mesh="xh28" pos="0 0 -0.8575" euler="1.57 0 1.57" />
                <geom class="phy_metal" type="box" pos=".12 0 0.14" size="0.24 0.175 0.15"
                    mass=".093" />
                <body name="FF10" euler="0 0 0">
                    <geom mesh="metal_clamping" name="FF10_frame_down" pos="0 0 -0.8575" euler="0 0 1.57" />
                    <geom mesh="metal_clamping_small" name="FF10_frame_upper" pos="0 0 -0.31" euler="3.14 0 0" />
                    <geom mesh="xh28" pos="0 0 -0.2" euler="1.57 1.57 0" />

                    <geom class="phy_metal" type="box" pos="0 0 0.56" size="0.175 0.15 0.24" mass=".93"/>
                    <geom class="phy_metal" type="box" pos="0.0 0 0.26" size="0.125 0.214 0.03" mass=".03"/>
                    <geom class="phy_metal" type="box" pos="0 0.02 0.13" size="0.11 0.012 0.16" mass=".02"/>
                    <geom class="phy_metal" type="box" pos="0 -0.02 0.13" size="0.11 0.012 0.16" mass=".02"/>
                    <geom class="phy_metal" type="box" pos="0 0 0.33" size="0.19 0.14 0.06" mass=".05"/>
                    <joint name="_FFJ10" type="hinge" axis="0 1 0" range="-.45 1.35" />

                    <body name="_FFL11" pos="0 0 -0.2">
                        <geom mesh="metal_clamping" name="FF11_frame_down" pos="0 0 -0.02" euler="0 0 0" />
                        <geom mesh="metal_clamping_small" name="FF10_frame_upper" pos="0 0 0.525" euler="3.14 0 0" />
                        <geom mesh="xh28" pos="0 0 0.66" euler="1.57 1.57 0" />
                        
                        <geom class="phy_metal" type="box" pos="0 0 0.56" size="0.175 0.15 0.24" mass=".93"/>
                        <geom class="phy_metal" type="box" pos="0 0 0.26" size="0.0214 0.0125 0.003" mass=".03"/>
                        <geom class="phy_metal" type="box" pos="0.02 0 0.13" size="0.0012 0.011 0.016" mass=".02"/>
                        <geom class="phy_metal" type="box" pos="-0.02 0 0.13" size="0.0012 0.011 0.016" mass=".02"/>
                        <geom class="phy_metal" type="box" pos="0 0 0.33" size="0.019 0.014 0.006" mass=".05"/>
                        <joint name="FFJ11" type="hinge" axis="1 0 0" range="-2 2"/>

                        <body name="_FFL12" pos="0 0 1">
                            <geom mesh="metal_clamping" name="FF12_frame_down" pos="0 0 -0.34"
                                euler="0 0 0" />
                            <geom material="plastic" mesh="plastic_finger" pos="0 0 0.11" />

                            <geom class="phy_metal" type="box" pos="0.0 0 0.26" size="0.214 0.125 0.03" mass=".03"/>
                            <geom class="phy_metal" type="box" pos="0.02 0 0.13" size="0.012 0.11 0.16" mass=".02"/>
                            <geom class="phy_metal" type="box" pos="-0.02 0 0.13" size="0.012 0.11 0.16" mass=".02"/>
                            <geom class="phy_plastic" type="capsule" pos="0 0 0.53" size="0.11 0.2" mass=".18"/>
                            <geom class="phy_plastic" type="box" pos="0 0 0.3" size="0.245 0.14 0.03" mass=".07"/>
                            <joint name="_FFJ12" type="hinge" axis="1 0 0" range="-2 2" />
                            <site name="_FFtip" type="sphere" pos="0 0 .076" size="0.01" rgba="1 .3 .3 1" />
                        </body>
                    </body>
                </body>
            </body>

            <!-- MIDDLE FINGER -->
            <body name="MFbase" pos=".3 0.52 .03" euler="0 0 2.62">
                <geom mesh="xh28" pos="0 0 -0.8575" euler="1.57 0 1.57" />
                <geom class="phy_metal" type="box" pos=".12 0 0.14" size="0.24 0.175 0.15"
                    mass=".093" />
                <body name="MF20" euler="0 0 0">
                    <geom mesh="metal_clamping" name="FF10_frame_down" pos="0 0 -0.8575"
                        euler="0 0 1.57" />
                    <geom mesh="metal_clamping_small" name="FF10_frame_upper" pos="0 0 -0.31"
                        euler="3.14 0 0" />
                    <geom mesh="xh28" pos="0 0 -0.2" euler="1.57 1.57 0" />

                    <geom class="phy_metal" type="box" pos="0 0 0.56" size="0.175 0.15 0.24" mass=".93"/>
                    <geom class="phy_metal" type="box" pos="0.0 0 0.26" size="0.125 0.214 0.03" mass=".03"/>
                    <geom class="phy_metal" type="box" pos="0 0.02 0.13" size="0.11 0.012 0.16" mass=".02"/>
                    <geom class="phy_metal" type="box" pos="0 -0.02 0.13" size="0.11 0.012 0.16" mass=".02"/>
                    <geom class="phy_metal" type="box" pos="0 0 0.33" size="0.19 0.14 0.06" mass=".05"/>
                    <joint name="_MFJ20" type="hinge" axis="0 1 0" range="-.45 1.35" />

                    <body name="_MFL21" pos="0 0 -0.2">
                        <geom mesh="metal_clamping" name="FF11_frame_down" pos="0 0 -0.02"
                            euler="0 0 0" />
                        <geom mesh="metal_clamping_small" name="FF10_frame_upper" pos="0 0 0.525"
                            euler="3.14 0 0" />
                        <geom mesh="xh28" pos="0 0 0.66" euler="1.57 1.57 0" />

                        <geom class="phy_metal" type="box" pos="0 0 0.56" size="0.175 0.15 0.24" mass=".93"/>
                        <geom class="phy_metal" type="box" pos="0 0 0.26" size="0.0214 0.0125 0.003" mass=".03"/>
                        <geom class="phy_metal" type="box" pos="0.02 0 0.13" size="0.0012 0.011 0.016" mass=".02"/>
                        <geom class="phy_metal" type="box" pos="-0.02 0 0.13" size="0.0012 0.011 0.016" mass=".02"/>
                        <geom class="phy_metal" type="box" pos="0 0 0.33" size="0.019 0.014 0.006" mass=".05"/>
                        <joint name="_MFJ21" type="hinge" axis="1 0 0" range="-2 2" />

                        <body name="_MFL22" pos="0 0 1">
                            <geom mesh="metal_clamping" name="FF12_frame_down" pos="0 0 -0.34"
                                euler="0 0 0" />
                            <geom material="plastic" mesh="plastic_finger" pos="0 0 0.11" />

                            <geom class="phy_metal" type="box" pos="0.0 0 0.26" size="0.214 0.125 0.03" mass=".03"/>
                            <geom class="phy_metal" type="box" pos="0.02 0 0.13" size="0.012 0.11 0.16" mass=".02"/>
                            <geom class="phy_metal" type="box" pos="-0.02 0 0.13" size="0.012 0.11 0.16" mass=".02"/>
                            <geom class="phy_plastic" type="capsule" pos="0 0 0.53" size="0.11 0.2" mass=".18"/>
                            <geom class="phy_plastic" type="box" pos="0 0 0.3" size="0.245 0.14 0.03" mass=".07"/>
                            <joint name="_MFJ22" type="hinge" axis="1 0 0" range="-2 2" />
                            <site name="_MFtip" type="sphere" pos="0 0 .076" size="0.01"
                                rgba="1 .3 .3 1" />
                        </body>
                    </body>
                </body>
            </body>

            <!-- THUMB FINGER -->
            <body name="THbase" pos="-.6 0. .03" euler="0 0 -1.57">
                <geom mesh="xh28" pos="0 0 -0.8575" euler="1.57 0 1.57" />
                <geom class="phy_metal" type="box" pos=".12 0 0.14" size="0.24 0.175 0.15"
                    mass=".093" />
                <body name="TF30" euler="0 0 0">
                    <geom mesh="metal_clamping" name="FF10_frame_down" pos="0 0 -0.8575"
                        euler="0 0 1.57" />
                    <geom mesh="metal_clamping_small" name="FF10_frame_upper" pos="0 0 -0.31"
                        euler="3.14 0 0" />
                    <geom mesh="xh28" pos="0 0 -0.2" euler="1.57 1.57 0" />

                    <joint name="_TFJ30" type="hinge" axis="0 1 0" range="-.45 1.35" />

                    <body name="_TFL31" pos="0 0 -0.2">
                        <geom mesh="metal_clamping" name="FF11_frame_down" pos="0 0 -0.02"
                            euler="0 0 0" />
                        <geom mesh="metal_clamping_small" name="FF10_frame_upper" pos="0 0 0.525"
                            euler="3.14 0 0" />
                        <geom mesh="xh28" pos="0 0 0.66" euler="1.57 1.57 0" />

                        <geom class="phy_metal" type="box" pos="0 0 0.56" size="0.175 0.15 0.24" mass=".93"/>
                        <geom class="phy_metal" type="box" pos="0 0 0.26" size="0.0214 0.0125 0.003" mass=".03"/>
                        <geom class="phy_metal" type="box" pos="0.02 0 0.13" size="0.0012 0.011 0.016" mass=".02"/>
                        <geom class="phy_metal" type="box" pos="-0.02 0 0.13" size="0.0012 0.011 0.016" mass=".02"/>
                        <geom class="phy_metal" type="box" pos="0 0 0.33" size="0.019 0.014 0.006" mass=".05"/>
                        <joint name="_TFJ31" type="hinge" axis="1 0 0" range="-2 2" />

                        <body name="_TFL32" pos="0 0 1">
                            <geom mesh="metal_clamping" name="FF12_frame_down" pos="0 0 -0.34"
                                euler="0 0 0" />
                            <geom material="plastic" mesh="plastic_finger" pos="0 0 0.11" />

                            <geom class="phy_metal" type="box" pos="0.0 0 0.26" size="0.214 0.125 0.03" mass=".03"/>
                            <geom class="phy_metal" type="box" pos="0.02 0 0.13" size="0.012 0.11 0.16" mass=".02"/>
                            <geom class="phy_metal" type="box" pos="-0.02 0 0.13" size="0.012 0.11 0.16" mass=".02"/>
                            <geom class="phy_plastic" type="capsule" pos="0 0 0.53" size="0.11 0.2" mass=".18"/>
                            <geom class="phy_plastic" type="box" pos="0 0 0.3" size="0.245 0.14 0.03" mass=".07"/>
                            <joint name="_TFJ32" type="hinge" axis="1 0 0" range="-2 2" />
                            <site name="_TFtip" type="sphere" pos="0 0 .076" size="0.01"
                                rgba="1 .3 .3 1" />
                        </body>
                    </body>
                </body>
            </body>
        </body>

    </worldbody>
</mujocoinclude>